anio,ronda,nivel,zona,grupo,cantidad_tiras,equipos
2019.0,1ra Fase,1,CENTRO,A,6,"ARQUITECTURA NEGRO, FERROCARRIL OESTE A, IMPERIO BLANCO, PEDRO ECHAGUE AZUL, PINOCHO BLANCO, SAN LORENZO AZUL"
2019.0,2da Fase,1,CENTRO,A,8,"COPELLO, DEPORTIVO CROVARA  ""A"", GEVP CELESTE, IMPERIO BLANCO, ITALIANO, JOSE HERNANDEZ A, SAN LORENZO AZUL, VILLA MITRE"
2019.0,1ra Fase,1,CENTRO,B,6,"COLEGIALES BLANCO, DEPORTIVO CROVARA  ""A"", GEVP BLANCO, OBRAS CENTRO, VELEZ SARSFIELD BLANCO, VILLA MITRE"
2019.0,2da Fase,1,CENTRO,B,8,"APV, ARQUITECTURA NEGRO, COLEGIALES BLANCO, COMUNICACIONES, GEBA, MACABI, PINOCHO BLANCO, VELEZ SARSFIELD BLANCO"
2019.0,1ra Fase,2,CENTRO,A,6,"ARMENIA, COMUNICACIONES, ITALIANO, JOSE HERNANDEZ A, MACABI, PEDRO ECHAGUE AMARILLO"
2019.0,2da Fase,2,CENTRO,A,8,"ARGENTINOS JUNIORS, ARMENIA, CIUDAD DE BUENOS AIRES B, DEPORTIVO CROVARA B, EL TALAR, ITALIANO B, NUEVA CHICAGO, PEDRO ECHAGUE AMARILLO"
2019.0,1ra Fase,2,CENTRO,B,6,"ALL BOYS BLANCO, APV, COPELLO, FERROCARRIL OESTE B, GEBA, GEVP CELESTE"
2019.0,2da Fase,2,CENTRO,B,8,"ALL BOYS BLANCO, COLEGIALES NEGRO, FERROCARRIL OESTE C, IMPERIO NEGRO, NAUTICO BUCHARDO B, SCHOLEM ALEIJEM, U.A.I. URQUIZA, VILLA SAHORES"
2019.0,2da Fase,2,CENTRO,C,7,"17 DE AGOSTO, FERROCARRIL OESTE B, INSTITUCION SARMIENTO BLANCO, JOSE HERNANDEZ B, PINOCHO VERDE, SAN LORENZO ROJO, YUPANQUI"
2019.0,1ra Fase,3,CENTRO,A,6,"IMPERIO NEGRO, INSTITUCION SARMIENTO BLANCO, ITALIANO B, JOSE HERNANDEZ B, PINOCHO VERDE, U.A.I. URQUIZA"
2019.0,1ra Fase,3,CENTRO,B,6,"17 DE AGOSTO, CIUDAD DE BUENOS AIRES B, EL TALAR, FERROCARRIL OESTE C, SCHOLEM ALEIJEM, VILLA SAHORES"
2019.0,1ra Fase,3,CENTRO,C,6,"ARGENTINOS JUNIORS, COLEGIALES NEGRO, DEPORTIVO CROVARA B, NUEVA CHICAGO, SAN LORENZO ROJO, YUPANQUI"
2019.0,3ra Fase,3,CENTRO,UNICO,6,"17 DE AGOSTO, BANCO PROVINCIA, FLORIDA CLUB, GEVP BLANCO, GEVP CELESTE, SCHOLEM ALEIJEM"
2019.0,2da Fase,INTERCONFERENCIA,INTERCONFERENCIA,A,8,"CIUDAD DE BUENOS AIRES A, FERROCARRIL OESTE A, HURACAN DE SAN JUSTO ROJO, INDEPENDIENTE, LANUS A, LOS INDIOS DE MORENO NEGRO, OBRAS CENTRO, RIVER PLATE"
2019.0,2da Fase,INTERCONFERENCIA,INTERCONFERENCIA,B,8,"A.F.A.L.P. A, BOCA JUNIORS AZUL, G.E DE LOMAS DE ZAMORA A, GEVP BLANCO, MORON A, OBRAS NORTE, PEDRO ECHAGUE AZUL, U.V.V.ADELINA"
2019.0,1ra Fase,1,NORTE,A,6,"BANCO NACIÓN, CAZA Y PESCA A, CLUB TRES DE FEBRERO BLANCO, RIVER PLATE, SAN FERNANDO AZUL, U.V.V.ADELINA"
2019.0,2da Fase,1,NORTE,A,8,"CLUB TRES DE FEBRERO BLANCO, DEPORTIVO SAN ANDRES, PLATENSE MARRON, SAN FERNANDO AZUL, SOCIAL BECCAR, SPORTIVO VILLA BALLESTER, UNION VECINAL DE MUNRO, VICTORIA"
2019.0,1ra Fase,1,NORTE,B,6,"ATLETICO BOULOGNE, CIUDAD DE BUENOS AIRES A, DEPORTIVO SAN ANDRES, NAUTICO HACOAJ BLANCO, OBRAS NORTE, UNION VECINAL DE MUNRO"
2019.0,2da Fase,1,NORTE,B,8,"ATLETICO BOULOGNE, BANCO NACIÓN, CAZA Y PESCA A, CENTRO GALICIA, HARRODS GATH Y CHAVES, LAS HERAS A, NAUTICO HACOAJ BLANCO, UNION FLORIDA"
2019.0,1ra Fase,2,NORTE,A,6,"BANCO PROVINCIA, HARRODS GATH Y CHAVES, HEBRAICA, LAS HERAS A, PLATENSE MARRON, SOCIAL BECCAR"
2019.0,2da Fase,2,NORTE,A,8,"CAZA Y PESCA B, CLUB 12 DE OCTUBRE, FLORIDA CLUB, HEBRAICA, LAS HERAS B, NAUTICO BUCHARDO A, SAN FERNANDO BLANCO, UNIVERSIDAD DE BUENOS AIRES"
2019.0,1ra Fase,2,NORTE,B,6,"BANADE, CENTRO GALICIA, NAUTICO BUCHARDO A, SPORTIVO VILLA BALLESTER, UNION FLORIDA, VICTORIA"
2019.0,2da Fase,2,NORTE,B,8,"BANADE, BANCO PROVINCIA, CIRCULO URQUIZA, CLUB TRES DE FEBRERO AZUL, COOPERATIVA TORTUGUITAS, NAUTICO HACOAJ AZUL, PLATENSE BLANCO, TELEFONOS"
2019.0,1ra Fase,3,NORTE,A,6,"CIRCULO URQUIZA, CLUB 12 DE OCTUBRE, COOPERATIVA TORTUGUITAS, LAS HERAS B, TELEFONOS, UNIVERSIDAD DE BUENOS AIRES"
2019.0,1ra Fase,3,NORTE,B,6,"CAZA Y PESCA B, CLUB TRES DE FEBRERO AZUL, FLORIDA CLUB, NAUTICO HACOAJ AZUL, PLATENSE BLANCO, SAN FERNANDO BLANCO"
2019.0,1ra Fase,1,OESTE,A,6,"A.F.A.L.P. A, ESTUDIANTIL PORTEÑO A, INSTITUCION SARMIENTO VERDE, LOS INDIOS DE MORENO NEGRO, NOLTING, RAMOS MEJIA LTC"
2019.0,2da Fase,1,OESTE,A,8,"ARGENTINO DE CASTELAR NORTE, ESTUDIANTIL PORTEÑO A, INSTITUCION SARMIENTO VERDE, LEANDRO N ALEM, LOS INDIOS DE MORENO BLANCO, MIDLAND, SAN MIGUEL, UNLAM A"
2019.0,1ra Fase,1,OESTE,B,6,"ARGENTINO DE CASTELAR NORTE, C.A.S.A PADUA A, Club GEI AZUL, HURACAN DE SAN JUSTO ROJO, MORON A, SAN MIGUEL"
2019.0,2da Fase,1,OESTE,B,8,"C.A.S.A PADUA A, CLARIDAD, Club GEI AZUL, DEFENSORES DE HURLINGHAM VERDE, ESTUDIANTIL PORTEÑO B, NOLTING, RAMOS MEJIA LTC, UNITARIOS DE MARCOS PAZ"
2019.0,1ra Fase,2,OESTE,A,6,"CEDEM, CLARIDAD, DEFENSORES DE HURLINGHAM VERDE, DEP. MORON BLANCO, ESTUDIANTIL PORTEÑO B, UNLAM A"
2019.0,2da Fase,2,OESTE,A,8,"ALTE. BROWN, ARGENTINO DE CASTELAR CENTRO, C.A.S.A PADUA B, Club GEI BLANCO, DEP. MORON BLANCO, ITALIANO DE JOSE C PAZ, MORON B, RAMOS MEJIA LTC B"
2019.0,1ra Fase,2,OESTE,B,6,"C.A.S.A PADUA B, EL PALOMAR, LEANDRO N ALEM, LOS INDIOS DE MORENO BLANCO, MIDLAND, UNITARIOS DE MARCOS PAZ"
2019.0,2da Fase,2,OESTE,B,7,"ALTUBE, CEDEM, CENTRO ESPAÑOL, DEFENSORES DE SANTOS LUGARES, EL PALOMAR, HURACAN DE SAN JUSTO BLANCO, SITAS"
2019.0,1ra Fase,3,OESTE,A,6,"ALTE. BROWN, ALTUBE, DEFENSORES DE MORENO, HURACAN DE SAN JUSTO BLANCO, MORON B, RAMOS MEJIA LTC B"
2019.0,1ra Fase,3,OESTE,B,6,"ARGENTINO DE CASTELAR CENTRO, CENTRO ESPAÑOL, Club GEI BLANCO, DEFENSORES DE SANTOS LUGARES, ITALIANO DE JOSE C PAZ, SITAS"
2019.0,3ra Fase,3,OESTE,UNICO,4,"ALTUBE, ITALIANO DE JOSE C PAZ, SAN MIGUEL, SITAS"
2019.0,1ra Fase,1,SUR,A,6,"CAÑUELAS FC, G.E DE LOMAS DE ZAMORA A, LANUS A, QUILMES A.C., RACING CLUB, VILLA ESPAÑA"
2019.0,2da Fase,1,SUR,A,8,"BURZACO FC A, CAÑUELAS FC, CLUB ATLETICO BERNAL, INDEPENDIENTE DE BURZACO, MONTE GRANDE, QUILMES A.C., SOCIAL LANUS, WILDE SPORTING"
2019.0,1ra Fase,1,SUR,B,6,"BERAZATEGUI, BOCA JUNIORS AZUL, INDEPENDIENTE, MONTE GRANDE, TEMPERLEY, WILDE SPORTING"
2019.0,2da Fase,1,SUR,B,8,"BERAZATEGUI, COUNTRY BANFIELD, LANUS B, RACING CLUB, TEMPERLEY, TRISTAN SUAREZ, VARELA JRS, VILLA ESPAÑA"
2019.0,1ra Fase,2,SUR,A,6,"BOCA JUNIORS AMARILLO, BURZACO FC A, CLUB ATLETICO BERNAL, LOS ANDES, TRISTAN SUAREZ, VARELA JRS"
2019.0,2da Fase,2,SUR,A,5,"BOCA JUNIORS AMARILLO, COLON FC, DEFENSORES DE BANFIELD, INSTITUTO GLEW, MORENO DE QUILMES"
2019.0,3ra Fase,2,SUR,A,6,"BOCA JUNIORS AMARILLO, COOPERARIOS, DEFENSORES DE BANFIELD, INSTITUTO GLEW, OLIMPO, VILLEGAS BASQUET"
2019.0,1ra Fase,2,SUR,B,6,"COOPERARIOS, COUNTRY BANFIELD, INDEPENDIENTE DE BURZACO, LANUS B, MORENO DE QUILMES, SOCIAL LANUS"
2019.0,2da Fase,2,SUR,B,5,"COOPERARIOS, G.E DE LOMAS DE ZAMORA B, OLIMPO, VILLA IDEAL, VILLEGAS BASQUET"
2019.0,3ra Fase,2,SUR,B,4,"COLON FC, G.E DE LOMAS DE ZAMORA B, MORENO DE QUILMES, VILLA IDEAL"
2019.0,1ra Fase,3,SUR,A,5,"DEFENSORES DE BANFIELD, INSTITUTO GLEW, MUNICIPALIDAD DE AVELLANEDA, OLIMPO, SIERO BIBLIOTECA"
2019.0,3ra Fase,3,SUR,A,3,"DEFENSORES DE MORENO, LOS ANDES, TALLERES"
2019.0,1ra Fase,3,SUR,B,6,"BURZACO FC B, COLON FC, G.E DE LOMAS DE ZAMORA B, TALLERES, VILLA IDEAL, VILLEGAS BASQUET"
2019.0,3ra Fase,3,SUR,B,3,"BURZACO FC B, MUNICIPALIDAD DE AVELLANEDA, SIERO BIBLIOTECA"
2019.0,2da Fase,3,SUR,UNICO,6,"BURZACO FC B, DEFENSORES DE MORENO, LOS ANDES, MUNICIPALIDAD DE AVELLANEDA, SIERO BIBLIOTECA, TALLERES"
2022.0,1ra Fase,1,CENTRO,A,6,"APV, FERROCARRIL OESTE A, GEVP BLANCO, IMPERIO BLANCO, JOSE HERNANDEZ A, PINOCHO"
2022.0,2da Fase,1,CENTRO,A,8,"ALL BOYS BLANCO, COLEGIALES BLANCO, DEPORTIVO CROVARA  ""A"", FERROCARRIL OESTE B, GEVP CELESTE, ITALIANO, JOSE HERNANDEZ A, PINOCHO"
2022.0,1ra Fase,1,CENTRO,B,6,"COLEGIALES BLANCO, DEPORTIVO CROVARA  ""A"", OBRAS CENTRO, PEDRO ECHAGUE AZUL, SAN LORENZO AZUL, VELEZ SARSFIELD BLANCO"
2022.0,2da Fase,1,CENTRO,B,8,"APV, ARQUITECTURA NEGRO, COMUNICACIONES, IMPERIO BLANCO, PEDRO ECHAGUE AZUL, PLATENSE MARRON, SAN LORENZO AZUL, VILLA MITRE"
2022.0,1ra Fase,2,CENTRO,A,6,"ARMENIA, ARQUITECTURA NEGRO, FERROCARRIL OESTE B, GEBA, ITALIANO, VILLA MITRE"
2022.0,2da Fase,2,CENTRO,A,8,"ARGENTINOS JUNIORS, COLEGIALES NEGRO, COPELLO, GEBA, INSTITUCION SARMIENTO BLANCO, MACABI, PINOCHO BLANCO, VELEZ SARSFIELD AZUL"
2022.0,1ra Fase,2,CENTRO,B,6,"ALL BOYS BLANCO, COMUNICACIONES, GEVP CELESTE, HARRODS GATH Y CHAVES, MACABI, PLATENSE MARRON"
2022.0,2da Fase,2,CENTRO,B,8,"17 DE AGOSTO, ARMENIA, CIRCULO URQUIZA, CIUDAD DE BUENOS AIRES B, EL TALAR, FERROCARRIL OESTE C, HARRODS GATH Y CHAVES, ITALIANO B"
2022.0,1ra Fase,3,CENTRO,A,6,"17 DE AGOSTO, COPELLO, JOSE HERNANDEZ B, PEDRO ECHAGUE AMARILLO, PINOCHO BLANCO, YUPANQUI"
2022.0,2da Fase,3,CENTRO,A,5,"ESTRELLA DE BOEDO, JOSE HERNANDEZ B, PEDRO ECHAGUE AMARILLO, RACING ANEXO, YUPANQUI"
2022.0,1ra Fase,3,CENTRO,B,6,"CIUDAD DE BUENOS AIRES B, COLEGIALES NEGRO, DEPORTIVO CROVARA B, FERROCARRIL OESTE C, IMPERIO NEGRO, NUEVA CHICAGO"
2022.0,2da Fase,3,CENTRO,B,6,"DEPORTIVO CROVARA B, IMPERIO NEGRO, NUEVA CHICAGO, PINOCHO VERDE, SAN LORENZO ROJO, UNIVERSIDAD DE BUENOS AIRES"
2022.0,1ra Fase,3,CENTRO,C,6,"EL TALAR, INSTITUCION SARMIENTO BLANCO, ITALIANO B, PINOCHO VERDE, SAN LORENZO ROJO, UNIVERSIDAD DE BUENOS AIRES"
2022.0,1ra Fase,3,CENTRO,D,5,"ARGENTINOS JUNIORS, CIRCULO URQUIZA, ESTRELLA DE BOEDO, RACING ANEXO, VELEZ SARSFIELD AZUL"
2022.0,2da Fase,INTERCONFERENCIA,INTERCONFERENCIA,A,8,"C.A.S.A PADUA A, FERROCARRIL OESTE A, G.E DE LOMAS DE ZAMORA A, LOS INDIOS DE MORENO NEGRO, OBRAS NORTE, SAN FERNANDO AZUL, VELEZ SARSFIELD BLANCO, WILDE SPORTING"
2022.0,2da Fase,INTERCONFERENCIA,INTERCONFERENCIA,B,8,"ARGENTINO DE CASTELAR NORTE, BOCA JUNIORS AZUL, CIUDAD DE BUENOS AIRES A, GEVP BLANCO, INSTITUCION SARMIENTO VERDE, LANUS A, OBRAS CENTRO, RIVER PLATE"
2022.0,1ra Fase,1,NORTE,A,6,"BANCO NACIÓN, DEPORTIVO SAN ANDRES, RIVER PLATE, SAN FERNANDO AZUL, U.V.V.ADELINA, UNION FLORIDA"
2022.0,2da Fase,1,NORTE,A,8,"ATLETICO BOULOGNE, BANADE, CAZA Y PESCA A, CLUB SPORTIVO PILAR, DEPORTIVO SAN ANDRES, LAS HERAS A, NAUTICO BUCHARDO A, UNION FLORIDA"
2022.0,1ra Fase,1,NORTE,B,6,"ATLETICO BOULOGNE, CAZA Y PESCA A, CIUDAD DE BUENOS AIRES A, CLUB TRES DE FEBRERO BLANCO, NAUTICO HACOAJ BLANCO, OBRAS NORTE"
2022.0,2da Fase,1,NORTE,B,8,"BANCO NACIÓN, BANCO PROVINCIA, CLUB TRES DE FEBRERO BLANCO, NAUTICO HACOAJ BLANCO, SOCIAL BECCAR, SPORTIVO ESCOBAR, SPORTIVO VILLA BALLESTER, U.V.V.ADELINA"
2022.0,1ra Fase,2,NORTE,A,6,"BANCO PROVINCIA, CENTRO GALICIA, LAS HERAS A, NAUTICO BUCHARDO A, SPORTIVO VILLA BALLESTER, UNION VECINAL DE MUNRO"
2022.0,2da Fase,2,NORTE,A,8,"CLUB TRES DE FEBRERO AZUL, COOPERATIVA TORTUGUITAS, DEP. MORON ROJO, LAS HERAS B, NAUTICO HACOAJ AZUL, PLATENSE BLANCO, PORTEÑO ATLETICO CLUB, UNION VECINAL DE MUNRO"
2022.0,1ra Fase,2,NORTE,B,6,"BANADE, CLUB SPORTIVO PILAR, HEBRAICA, PLATENSE BLANCO, SOCIAL BECCAR, SPORTIVO ESCOBAR"
2022.0,2da Fase,2,NORTE,B,7,"CAZA Y PESCA B, CENTRO GALICIA, CLUB 12 DE OCTUBRE, HEBRAICA, NAUTICO BUCHARDO B, SAN FERNANDO BLANCO, VICTORIA"
2022.0,1ra Fase,3,NORTE,A,5,"DEP. MORON ROJO, LAS HERAS B, NAUTICO BUCHARDO B, PORTEÑO ATLETICO CLUB, SAN FERNANDO BLANCO"
2022.0,1ra Fase,3,NORTE,B,6,"CAZA Y PESCA B, CLUB 12 DE OCTUBRE, CLUB TRES DE FEBRERO AZUL, COOPERATIVA TORTUGUITAS, NAUTICO HACOAJ AZUL, VICTORIA"
2022.0,1ra Fase,1,OESTE,A,6,"Club GEI AZUL, ESTUDIANTIL PORTEÑO A, INSTITUCION SARMIENTO VERDE, LOS INDIOS DE MORENO NEGRO, MORON A, RAMOS MEJIA LTC"
2022.0,2da Fase,1,OESTE,A,8,"CLARIDAD, Club GEI AZUL, DEFENSORES DE HURLINGHAM VERDE, DEP. MORON BLANCO, ESTUDIANTIL PORTEÑO A, HURACAN DE SAN JUSTO ROJO, LEANDRO N ALEM, MIDLAND"
2022.0,1ra Fase,1,OESTE,B,6,"A.F.A.L.P. A, ARGENTINO DE CASTELAR NORTE, C.A.S.A PADUA A, HURACAN DE SAN JUSTO ROJO, LEANDRO N ALEM, UNITARIOS DE MARCOS PAZ"
2022.0,2da Fase,1,OESTE,B,8,"A.F.A.L.P. A, CEDEM, ESTUDIANTIL PORTEÑO B, LOS INDIOS DE MORENO BLANCO, MORON A, PRESIDENTE DERQUI, RAMOS MEJIA LTC, UNITARIOS DE MARCOS PAZ"
2022.0,1ra Fase,2,OESTE,A,6,"CEDEM, CLARIDAD, DEP. MORON BLANCO, MIDLAND, NOLTING, UNLAM A"
2022.0,2da Fase,2,OESTE,A,8,"ARGENTINO DE CASTELAR CENTRO, C.A.S.A PADUA B, CENTRO ESPAÑOL, CLUB PORTUGUES DEL GRAN BUENOS AIRES, DEFENSORES DE SANTOS LUGARES, ITALIANO DE JOSE C PAZ, NOLTING, SITAS"
2022.0,1ra Fase,2,OESTE,B,6,"C.A.S.A PADUA B, DEFENSORES DE HURLINGHAM VERDE, EL PALOMAR, ESTUDIANTIL PORTEÑO B, LOS INDIOS DE MORENO BLANCO, PRESIDENTE DERQUI"
2022.0,2da Fase,2,OESTE,B,8,"A.F.A.L.P. B, CIUDADELA NORTE, Club GEI BLANCO, EL PALOMAR, HURACAN DE SAN JUSTO BLANCO, MORON B, SAN MIGUEL, UNLAM A"
2022.0,1ra Fase,3,OESTE,A,6,"A.F.A.L.P. B, ARGENTINO DE CASTELAR CENTRO, CLUB PORTUGUES DEL GRAN BUENOS AIRES, Club GEI BLANCO, DEFENSORES DE SANTOS LUGARES, SAN MIGUEL"
2022.0,1ra Fase,3,OESTE,B,6,"CENTRO ESPAÑOL, CIUDADELA NORTE, HURACAN DE SAN JUSTO BLANCO, ITALIANO DE JOSE C PAZ, MORON B, SITAS"
2022.0,1ra Fase,1,SUR,A,6,"CAÑUELAS FC, G.E DE LOMAS DE ZAMORA A, LANUS A, MONTE GRANDE, RACING CLUB, TRISTAN SUAREZ"
2022.0,2da Fase,1,SUR,A,8,"BURZACO FC A, CAÑUELAS FC, DEFENSORES DE GLEW, LANUS B, QUILMES A.C., TEMPERLEY, TRISTAN SUAREZ, VARELA JRS"
2022.0,1ra Fase,1,SUR,B,6,"BERAZATEGUI, BOCA JUNIORS AZUL, INDEPENDIENTE, QUILMES A.C., TEMPERLEY, WILDE SPORTING"
2022.0,2da Fase,1,SUR,B,8,"BERAZATEGUI, CLUB ATLETICO BERNAL, CLUB GIMNASIA Y ESGRIMA LA PLATA AZUL, COUNTRY CIB, INDEPENDIENTE, MONTE GRANDE, OLIMPO, RACING CLUB"
2022.0,1ra Fase,2,SUR,A,6,"BURZACO FC A, COUNTRY CIB, INDEPENDIENTE DE BURZACO, OLIMPO, VARELA JRS, VILLEGAS BASQUET"
2022.0,2da Fase,2,SUR,A,8,"BOCA JUNIORS AMARILLO, CLUB EL FOGON, CLUB GIMNASIA Y ESGRIMA LA PLATA BLANCO, COOPERARIOS, DEFENSORES DE BANFIELD, SPORTIVO ALSINA ORO, TAPONAZO  FUTBOL CLUB, VILLEGAS BASQUET"
2022.0,1ra Fase,2,SUR,B,6,"CLUB ATLETICO BERNAL, CLUB GIMNASIA Y ESGRIMA LA PLATA AZUL, DEFENSORES DE BANFIELD, DEFENSORES DE GLEW, LANUS B, SOCIAL LANUS"
2022.0,2da Fase,2,SUR,B,8,"CLUB SOCIAL ALEJANDRO KORN, CLUB SOCIAL EZEIZA, COLON FC, G.E DE LOMAS DE ZAMORA B, INDEPENDIENTE DE BURZACO, LOBOS ATHLETIC CLUB, LOS ANDES, SOCIAL LANUS"
2022.0,1ra Fase,3,SUR,A,5,"BOCA JUNIORS AMARILLO, CLUB GIMNASIA Y ESGRIMA LA PLATA BLANCO, COOPERARIOS, LA UNION, VILLA ESPAÑA"
2022.0,1ra Fase,3,SUR,B,5,"CLUB ATLETICO PAMPERO, COLON FC, G.E DE LOMAS DE ZAMORA B, LOS ANDES, TALLERES"
2022.0,1ra Fase,3,SUR,C,6,"CLUB  ATLETICO Y PROGRESO DE BRANDSEN, CLUB SOCIAL ALEJANDRO KORN, CLUB SOCIAL EZEIZA, GUILLON BASQUET, JUVENTUD UNIDA, LOBOS ATHLETIC CLUB"
2022.0,1ra Fase,3,SUR,D,4,"CLUB EL FOGON, MUNICIPALIDAD DE AVELLANEDA, SPORTIVO ALSINA ORO, TAPONAZO  FUTBOL CLUB"
2022.0,2da Fase,3,SUR,UNICO,9,"CLUB  ATLETICO Y PROGRESO DE BRANDSEN, CLUB ATLETICO PAMPERO, GUILLON BASQUET, JUVENTUD UNIDA, LA UNION, MORENO DE QUILMES, MUNICIPALIDAD DE AVELLANEDA, TALLERES, VILLA ESPAÑA"
2023.0,1ra Fase,1,CENTRO,A,6,"ARQUITECTURA NEGRO, FERROCARRIL OESTE A, GEVP CELESTE, PINOCHO, SAN LORENZO AZUL, VELEZ SARSFIELD BLANCO"
2023.0,2da Fase,1,CENTRO,A,8,"17 DE AGOSTO, COMUNICACIONES, EL TALAR, GEVP CELESTE, IMPERIO BLANCO, ITALIANO, PLATENSE MARRON, SAN LORENZO AZUL"
2023.0,1ra Fase,1,CENTRO,B,6,"COLEGIALES BLANCO, GEVP BLANCO, IMPERIO BLANCO, ITALIANO, OBRAS CENTRO, PEDRO ECHAGUE AZUL"
2023.0,2da Fase,1,CENTRO,B,8,"APV, ARQUITECTURA NEGRO, COLEGIALES BLANCO, FERROCARRIL OESTE B, JOSE HERNANDEZ A, PEDRO ECHAGUE AZUL, VELEZ SARSFIELD BLANCO, VILLA MITRE"
2023.0,1ra Fase,2,CENTRO,A,6,"17 DE AGOSTO, DEPORTIVO CROVARA  ""A"", JOSE HERNANDEZ A, MACABI, PLATENSE MARRON, VILLA MITRE"
2023.0,2da Fase,2,CENTRO,A,8,"ALL BOYS BLANCO, ARGENTINOS JUNIORS, ARMENIA, CIRCULO URQUIZA AZUL, COPELLO, DEPORTIVO CROVARA  ""A"", RACING ANEXO, SAN LORENZO ROJO"
2023.0,2da Fase,2,CENTRO,B,8,"CIUDAD DE BUENOS AIRES B, ESTRELLA DE BOEDO, HARRODS GATH Y CHAVES, JOSE HERNANDEZ B, MACABI, PEDRO ECHAGUE AMARILLO, PINOCHO BLANCO, UNIVERSIDAD DE BUENOS AIRES"
2023.0,1ra Fase,2,CENTRO,UNICO,6,"ALL BOYS BLANCO, APV, COMUNICACIONES, EL TALAR, FERROCARRIL OESTE B, PINOCHO BLANCO"
2023.0,1ra Fase,3,CENTRO,A,6,"FERROCARRIL OESTE C, IMPERIO NEGRO, RACING ANEXO, SAN LORENZO ROJO, UNIVERSIDAD DE BUENOS AIRES, VELEZ SARSFIELD AZUL"
2023.0,2da Fase,3,CENTRO,A,6,"FERROCARRIL OESTE C, IMPERIO NEGRO, ITALIANO B, NUEVA CHICAGO, VELEZ SARSFIELD AZUL, YUPANQUI"
2023.0,1ra Fase,3,CENTRO,B,6,"CIUDAD DE BUENOS AIRES B, COPELLO, GEBA, HARRODS GATH Y CHAVES, ITALIANO B, LIBRE"
2023.0,2da Fase,3,CENTRO,B,6,"ALL BOYS NEGRO, CIRCULO URQUIZA BLANCO, COLEGIALES NEGRO, DEPORTIVO CROVARA B, GEBA, PINOCHO VERDE"
2023.0,1ra Fase,3,CENTRO,C,6,"ARMENIA, CIRCULO URQUIZA BLANCO, JOSE HERNANDEZ B, NUEVA CHICAGO, PEDRO ECHAGUE AMARILLO, PINOCHO VERDE"
2023.0,1ra Fase,3,CENTRO,D,6,"ALL BOYS NEGRO, ARGENTINOS JUNIORS, CIRCULO URQUIZA AZUL, COLEGIALES NEGRO, ESTRELLA DE BOEDO, YUPANQUI"
2023.0,2da Fase,INTERCONFERENCIA,INTERCONFERENCIA,A,8,"ARGENTINO DE CASTELAR NORTE, BOCA JUNIORS AZUL, CLUB TRES DE FEBRERO BLANCO, FERROCARRIL OESTE A, GEVP BLANCO, MORON A, OBRAS NORTE, QUILMES A.C."
2023.0,2da Fase,INTERCONFERENCIA,INTERCONFERENCIA,B,8,"ESTUDIANTIL PORTEÑO A, G.E DE LOMAS DE ZAMORA A, INSTITUCION SARMIENTO VERDE, LANUS A, OBRAS CENTRO, PINOCHO, RIVER PLATE, SPORTIVO ESCOBAR"
2023.0,1ra Fase,1,NORTE,A,6,"CLUB SPORTIVO PILAR, CLUB TRES DE FEBRERO BLANCO, OBRAS NORTE, SAN FERNANDO AZUL, SOCIAL BECCAR, UNION FLORIDA"
2023.0,2da Fase,1,NORTE,A,8,"ATLETICO BOULOGNE, BANADE, BANCO PROVINCIA, CAZA Y PESCA A, NAUTICO BUCHARDO A, SAN FERNANDO AZUL, SOCIAL BECCAR, UNION VECINAL DE MUNRO"
2023.0,1ra Fase,1,NORTE,B,6,"ATLETICO BOULOGNE, CAZA Y PESCA A, CIUDAD DE BUENOS AIRES A, NAUTICO HACOAJ BLANCO, RIVER PLATE, SPORTIVO ESCOBAR"
2023.0,2da Fase,1,NORTE,B,8,"BANCO NACIÓN, CIUDAD DE BUENOS AIRES A, CLUB ATLETICO PILAR, CLUB SPORTIVO PILAR, LAS HERAS A, NAUTICO HACOAJ BLANCO, SPORTIVO VILLA BALLESTER, UNION FLORIDA"
2023.0,1ra Fase,2,NORTE,A,6,"CLUB TRES DE FEBRERO AZUL, LAS HERAS A, NAUTICO BUCHARDO A, SPORTIVO VILLA BALLESTER, U.V.V.ADELINA, UNION VECINAL DE MUNRO"
2023.0,2da Fase,2,NORTE,A,8,"BANCO PROVINCIA B, BELLA VISTA, CAZA Y PESCA B, CENTRO GALICIA, LAS HERAS B, NAUTICO BUCHARDO B, U.V.V.ADELINA, VICTORIA"
2023.0,1ra Fase,2,NORTE,B,6,"BANADE, BANCO NACIÓN, BANCO PROVINCIA, CLUB ATLETICO PILAR, DEPORTIVO SAN ANDRES, VICTORIA"
2023.0,2da Fase,2,NORTE,B,8,"CLUB 12 DE OCTUBRE, CLUB TRES DE FEBRERO AZUL, COOPERATIVA TORTUGUITAS, DEPORTIVO SAN ANDRES, HEBRAICA, NAUTICO HACOAJ AZUL, PLATENSE BLANCO, SAN FERNANDO BLANCO"
2023.0,1ra Fase,3,NORTE,A,6,"CENTRO GALICIA, CLUB 12 DE OCTUBRE, COOPERATIVA TORTUGUITAS, LAS HERAS B, NAUTICO BUCHARDO B, NAUTICO HACOAJ AZUL"
2023.0,1ra Fase,3,NORTE,B,6,"BANCO PROVINCIA B, BELLA VISTA, CAZA Y PESCA B, HEBRAICA, PLATENSE BLANCO, SAN FERNANDO BLANCO"
2023.0,1ra Fase,1,OESTE,A,6,"ARGENTINO DE CASTELAR NORTE, Club GEI AZUL, ESTUDIANTIL PORTEÑO A, LOS INDIOS DE MORENO NEGRO, PRESIDENTE DERQUI, RAMOS MEJIA LTC"
2023.0,2da Fase,1,OESTE,A,8,"A.F.A.L.P. A, C.A.S.A PADUA A, HURACAN DE SAN JUSTO ROJO, NOLTING, PORTEÑO ATLETICO CLUB, PRESIDENTE DERQUI, RAMOS MEJIA LTC, UNITARIOS DE MARCOS PAZ"
2023.0,1ra Fase,1,OESTE,B,6,"A.F.A.L.P. A, C.A.S.A PADUA A, CLARIDAD, INSTITUCION SARMIENTO VERDE, MIDLAND, MORON A"
2023.0,2da Fase,1,OESTE,B,8,"CLARIDAD, Club GEI AZUL, DEFENSORES DE HURLINGHAM VERDE, DEP. MORON BLANCO, LEANDRO N ALEM, LOS INDIOS DE MORENO NEGRO, MIDLAND, SAN MIGUEL"
2023.0,1ra Fase,2,OESTE,A,6,"CEDEM, DEP. MORON BLANCO, ESTUDIANTIL PORTEÑO B, HURACAN DE SAN JUSTO ROJO, PORTEÑO ATLETICO CLUB, SAN MIGUEL"
2023.0,2da Fase,2,OESTE,A,8,"A.F.A.L.P. B, ARGENTINO DE CASTELAR CENTRO, CEDEM, CENTRO ESPAÑOL, CLUB PORTUGUES DEL GRAN BUENOS AIRES, EL PALOMAR, INSTITUCION SARMIENTO BLANCO, UNLAM A"
2023.0,2da Fase,2,OESTE,B,8,"C.A.S.A PADUA B, CIUDADELA NORTE, Club GEI BLANCO, DEFENSORES DE SANTOS LUGARES, ESTUDIANTIL PORTEÑO B, LOS INDIOS DE MORENO BLANCO, MORON B, SITAS"
2023.0,1ra Fase,2,OESTE,UNICO,6,"DEFENSORES DE HURLINGHAM VERDE, LEANDRO N ALEM, LOS INDIOS DE MORENO BLANCO, NOLTING, UNITARIOS DE MARCOS PAZ, UNLAM A"
2023.0,1ra Fase,3,OESTE,A,6,"ARGENTINO DE CASTELAR CENTRO, DEP. MORON ROJO, EL PALOMAR, ESTUDIANTIL PORTEÑO ""C"", MORON B, SITAS"
2023.0,1ra Fase,3,OESTE,B,6,"C.A.S.A PADUA B, CENTRO ESPAÑOL, CIUDADELA NORTE, CLUB PORTUGUES DEL GRAN BUENOS AIRES, DEFENSORES DE MORENO, SAN MIGUEL BLANCO"
2023.0,1ra Fase,3,OESTE,UNICO,6,"A.F.A.L.P. B, Club GEI BLANCO, DEFENSORES DE SANTOS LUGARES, HURACAN DE SAN JUSTO BLANCO, INSTITUCION SARMIENTO BLANCO, ITALIANO DE JOSE C PAZ"
2023.0,2da Fase,3,OESTE,UNICO,6,"DEFENSORES DE MORENO, DEP. MORON ROJO, ESTUDIANTIL PORTEÑO ""C"", HURACAN DE SAN JUSTO BLANCO, ITALIANO DE JOSE C PAZ, SAN MIGUEL BLANCO"
2023.0,1ra Fase,1,SUR,A,6,"CLUB GIMNASIA Y ESGRIMA LA PLATA AZUL, LANUS A, QUILMES A.C., RACING CLUB, TRISTAN SUAREZ, WILDE SPORTING"
2023.0,2da Fase,1,SUR,A,8,"BURZACO FC A, CAÑUELAS FC, CLUB GIMNASIA Y ESGRIMA LA PLATA AZUL, LOS ANDES, OLIMPO, RACING CLUB, TEMPERLEY, VARELA JRS"
2023.0,1ra Fase,1,SUR,B,6,"BERAZATEGUI, BOCA JUNIORS AZUL, CAÑUELAS FC, G.E DE LOMAS DE ZAMORA A, INDEPENDIENTE, TEMPERLEY"
2023.0,2da Fase,1,SUR,B,8,"BERAZATEGUI, CLUB ATLETICO BERNAL, COOPERARIOS, DEFENSORES DE BANFIELD, INDEPENDIENTE, MONTE GRANDE, TRISTAN SUAREZ, WILDE SPORTING"
2023.0,1ra Fase,2,SUR,A,6,"CLUB ATLETICO BERNAL, DEFENSORES DE BANFIELD, DEFENSORES DE GLEW, LOBOS ATHLETIC CLUB, OLIMPO, VARELA JRS"
2023.0,2da Fase,2,SUR,A,8,"CLUB ATLETICO PAMPERO, CLUB GIMNASIA Y ESGRIMA LA PLATA BLANCO, DEFENSORES DE GLEW, GUILLON BASQUET, JUVENTUD UNIDA, LANUS B, LUZ Y ARTE, VILLA ESPAÑA"
2023.0,2da Fase,2,SUR,B,8,"BOCA JUNIORS AMARILLO, CLUB SOCIAL ALEJANDRO KORN, COUNTRY BANFIELD, G.E DE LOMAS DE ZAMORA B, INDEPENDIENTE DE BURZACO, LOBOS ATHLETIC CLUB, SPORTIVO ALSINA, VILLEGAS BASQUET"
2023.0,1ra Fase,2,SUR,UNICO,6,"BURZACO FC A, COOPERARIOS, COUNTRY BANFIELD, LANUS B, LOS ANDES, MONTE GRANDE"
2023.0,1ra Fase,3,SUR,A,5,"BOCA JUNIORS AMARILLO, CLUB  ATLETICO Y PROGRESO DE BRANDSEN, INDEPENDIENTE DE BURZACO, SOCIAL LANUS, VILLA ESPAÑA"
2023.0,3ra Fase,3,SUR,A,6,"CLUB EL FOGON, COLON FC, LA UNION, MORENO DE QUILMES, MUNICIPALIDAD DE AVELLANEDA, SOCIAL LANUS"
2023.0,1ra Fase,3,SUR,B,6,"CLUB GIMNASIA Y ESGRIMA LA PLATA BLANCO, COLON FC, G.E DE LOMAS DE ZAMORA B, LUZ Y ARTE, MORENO DE QUILMES, MUNICIPALIDAD DE AVELLANEDA"
2023.0,3ra Fase,3,SUR,B,5,"CLUB  ATLETICO Y PROGRESO DE BRANDSEN, CLUB  SOCIAL Y  DEPORTIVO TAMBEROS UNIDOS, CLUB SOCIAL EZEIZA, TALLERES, TAPONAZO  FUTBOL CLUB"
2023.0,1ra Fase,3,SUR,C,6,"CLUB  SOCIAL Y  DEPORTIVO TAMBEROS UNIDOS, CLUB SOCIAL ALEJANDRO KORN, CLUB SOCIAL EZEIZA, GUILLON BASQUET, JUVENTUD UNIDA, LA UNION"
2023.0,1ra Fase,3,SUR,D,6,"CLUB ATLETICO PAMPERO, CLUB EL FOGON, SPORTIVO ALSINA, TALLERES, TAPONAZO  FUTBOL CLUB, VILLEGAS BASQUET"
2023.0,2da Fase,3,SUR,UNICO,11,"CLUB  ATLETICO Y PROGRESO DE BRANDSEN, CLUB  SOCIAL Y  DEPORTIVO TAMBEROS UNIDOS, CLUB EL FOGON, CLUB SOCIAL EZEIZA, COLON FC, LA UNION, MORENO DE QUILMES, MUNICIPALIDAD DE AVELLANEDA, SOCIAL LANUS, TALLERES, TAPONAZO  FUTBOL CLUB"
2024.0,1ra Fase,1,CENTRO,A,6,"COMUNICACIONES, FERROCARRIL OESTE A, GEVP BLANCO, OBRAS CENTRO, VELEZ SARSFIELD BLANCO, VILLA MITRE"
2024.0,3ra Fase,1,CENTRO,A,8,"17 DE AGOSTO, ALL BOYS BLANCO, COLEGIALES BLANCO, DEPORTIVO CROVARA  ""A"", IMPERIO BLANCO, ITALIANO, JOSE HERNANDEZ A, PLATENSE MARRON"
2024.0,2da Fase,1,CENTRO,A-B,12,"ARQUITECTURA NEGRO, COMUNICACIONES, FERROCARRIL OESTE A, GEVP BLANCO, IMPERIO BLANCO, ITALIANO, OBRAS CENTRO, PEDRO ECHAGUE AZUL, PINOCHO, SAN LORENZO AZUL, VELEZ SARSFIELD BLANCO, VILLA MITRE"
2024.0,1ra Fase,1,CENTRO,B,6,"ARQUITECTURA NEGRO, IMPERIO BLANCO, ITALIANO, PEDRO ECHAGUE AZUL, PINOCHO, SAN LORENZO AZUL"
2024.0,3ra Fase,1,CENTRO,B,8,"APV, ARQUITECTURA NEGRO, EL TALAR, FERROCARRIL OESTE B, GEVP CELESTE, HARRODS GATH Y CHAVES, LIBRE, VILLA MITRE"
2024.0,1ra Fase,2,CENTRO,A,6,"17 DE AGOSTO, COLEGIALES BLANCO, DEPORTIVO CROVARA  ""A"", EL TALAR, JOSE HERNANDEZ A, UNIVERSIDAD DE BUENOS AIRES"
2024.0,3ra Fase,2,CENTRO,A,7,"ARQUITECTURA BLANCO, DEPORTIVO CROVARA B, ESTRELLA DE BOEDO, GEBA, NAUTICO BUCHARDO B, PINOCHO BLANCO, SAN LORENZO ROJO"
2024.0,2da Fase,2,CENTRO,A-B,12,"17 DE AGOSTO, ALL BOYS BLANCO, APV, COLEGIALES BLANCO, DEPORTIVO CROVARA  ""A"", EL TALAR, FERROCARRIL OESTE B, GEVP CELESTE, HARRODS GATH Y CHAVES, JOSE HERNANDEZ A, PLATENSE MARRON, UNIVERSIDAD DE BUENOS AIRES"
2024.0,1ra Fase,2,CENTRO,B,6,"ALL BOYS BLANCO, APV, FERROCARRIL OESTE B, GEVP CELESTE, HARRODS GATH Y CHAVES, PLATENSE MARRON"
2024.0,3ra Fase,2,CENTRO,B,7,"ALDO BONZI, ARMENIA, CIRCULO URQUIZA AZUL, COLEGIALES NEGRO, JOSE HERNANDEZ B, PLATENSE BLANCO, YUPANQUI"
2024.0,3ra Fase,2,CENTRO,C,7,"ARGENTINOS JUNIORS, CIUDAD DE BUENOS AIRES B, COPELLO, FERROCARRIL OESTE C, JUVENCIA, RACING ANEXO, VELEZ SARSFIELD AZUL"
2024.0,1ra Fase,3,CENTRO,A,6,"ALDO BONZI, DEPORTIVO CROVARA B, JOSE HERNANDEZ B, JUVENCIA, NUEVA CHICAGO, YUPANQUI"
2024.0,3ra Fase,3,CENTRO,A,8,"BOCA JUNIORS AMARILLO, CLUB ATLETICO HURACAN, HURACAN DE SAN JUSTO BLANCO, ITALIANO B, MACABI, NUEVA CHICAGO, PEDRO ECHAGUE AMARILLO, UNIVERSIDAD DE BUENOS AIRES"
2024.0,2da Fase,3,CENTRO,A-B,12,"ALDO BONZI, ARGENTINOS JUNIORS, COLEGIALES NEGRO, DEPORTIVO CROVARA B, ESTRELLA DE BOEDO, JOSE HERNANDEZ B, JUVENCIA, NUEVA CHICAGO, PINOCHO BLANCO, RACING ANEXO, VELEZ SARSFIELD AZUL, YUPANQUI"
2024.0,1ra Fase,3,CENTRO,B,6,"ARGENTINOS JUNIORS, COLEGIALES NEGRO, ESTRELLA DE BOEDO, PINOCHO BLANCO, RACING ANEXO, VELEZ SARSFIELD AZUL"
2024.0,3ra Fase,3,CENTRO,B,8,"ALL BOYS NEGRO, CIRCULO URQUIZA BLANCO, IMPERIO NEGRO, ITALIANO B, MACABI, PEDRO ECHAGUE AMARILLO, PINOCHO VERDE, UNIVERSIDAD DE BUENOS AIRES"
2024.0,1ra Fase,3,CENTRO,C,6,"ALL BOYS DE SAAVEDRA, ARMENIA, CIRCULO URQUIZA AZUL, FERROCARRIL OESTE C, GEBA, ITALIANO B"
2024.0,2da Fase,3,CENTRO,C-D,12,"ALL BOYS DE SAAVEDRA, ALL BOYS NEGRO, ARMENIA, CIRCULO URQUIZA AZUL, COPELLO, FERROCARRIL OESTE C, GEBA, IMPERIO NEGRO, ITALIANO B, MACABI, PEDRO ECHAGUE AMARILLO, SAN LORENZO ROJO"
2024.0,1ra Fase,3,CENTRO,D,6,"ALL BOYS NEGRO, COPELLO, IMPERIO NEGRO, MACABI, PEDRO ECHAGUE AMARILLO, SAN LORENZO ROJO"
2024.0,3ra Fase,INTERCONFERENCIA A,INTERCONFERENCIA,A,8,"CAZA Y PESCA A, ESTUDIANTIL PORTEÑO A, FERROCARRIL OESTE A, G.E DE LOMAS DE ZAMORA A, INSTITUCION SARMIENTO VERDE, LANUS A, PINOCHO, RIVER PLATE"
2024.0,3ra Fase,INTERCONFERENCIA A,INTERCONFERENCIA,B,8,"ARGENTINO DE CASTELAR NORTE, BOCA JUNIORS AZUL, CLUB TRES DE FEBRERO BLANCO, GEVP BLANCO, MORON A, PEDRO ECHAGUE AZUL, PRESIDENTE DERQUI, WILDE SPORTING"
2024.0,3ra Fase,INTERCONFERENCIA B,INTERCONFERENCIA,A,8,"CIUDAD DE BUENOS AIRES A, CLUB SPORTIVO PILAR, COMUNICACIONES, OBRAS CENTRO, SAN FERNANDO AZUL, SAN LORENZO AZUL, SPORTIVO ESCOBAR, VELEZ SARSFIELD BLANCO"
2024.0,3ra Fase,INTERCONFERENCIA B,INTERCONFERENCIA,B,8,"BERAZATEGUI, C.A.S.A PADUA A, CLARIDAD, Club GEI AZUL, LOS INDIOS DE MORENO NEGRO, QUILMES A.C., TRISTAN SUAREZ, VARELA JRS"
2024.0,1ra Fase,1,NORTE,A,6,"CAZA Y PESCA A, CLUB ATLETICO PILAR, CLUB SPORTIVO PILAR, CLUB TRES DE FEBRERO BLANCO, PRESIDENTE DERQUI, SPORTIVO ESCOBAR"
2024.0,3ra Fase,1,NORTE,A,8,"ATLETICO BOULOGNE, BANCO PROVINCIA, CENTRO GALICIA, CLUB ATLETICO PILAR, NAUTICO BUCHARDO A, SOCIAL BECCAR, SPORTIVO VILLA BALLESTER, UNION VECINAL DE MUNRO"
2024.0,2da Fase,1,NORTE,A-B,12,"ATLETICO BOULOGNE, CAZA Y PESCA A, CIUDAD DE BUENOS AIRES A, CLUB ATLETICO PILAR, CLUB SPORTIVO PILAR, CLUB TRES DE FEBRERO BLANCO, OBRAS NORTE, PRESIDENTE DERQUI, RIVER PLATE, SAN FERNANDO AZUL, SPORTIVO ESCOBAR, UNION FLORIDA"
2024.0,1ra Fase,1,NORTE,B,6,"ATLETICO BOULOGNE, CIUDAD DE BUENOS AIRES A, OBRAS NORTE, RIVER PLATE, SAN FERNANDO AZUL, UNION FLORIDA"
2024.0,3ra Fase,1,NORTE,B,8,"BANADE, BANCO NACIÓN, DEPORTIVO SAN ANDRES, LAS HERAS A, NAUTICO HACOAJ BLANCO, OBRAS NORTE, UNION FLORIDA, VICTORIA"
2024.0,1ra Fase,2,NORTE,A,6,"BANADE, BANCO PROVINCIA, LAS HERAS A, SPORTIVO VILLA BALLESTER, UNION VECINAL DE MUNRO, VICTORIA"
2024.0,2da Fase,2,NORTE,A-B,12,"BANADE, BANCO NACIÓN, BANCO PROVINCIA, CENTRO GALICIA, DEPORTIVO SAN ANDRES, LAS HERAS A, NAUTICO BUCHARDO A, NAUTICO HACOAJ BLANCO, SOCIAL BECCAR, SPORTIVO VILLA BALLESTER, UNION VECINAL DE MUNRO, VICTORIA"
2024.0,1ra Fase,2,NORTE,B,6,"BANCO NACIÓN, CENTRO GALICIA, DEPORTIVO SAN ANDRES, NAUTICO BUCHARDO A, NAUTICO HACOAJ BLANCO, SOCIAL BECCAR"
2024.0,3ra Fase,2,NORTE,UNICO,8,"BELLA VISTA, CLUB SOCIAL Y DEPORTIVO ARENAL, CLUB TRES DE FEBRERO AZUL, COOPERATIVA TORTUGUITAS, HEBRAICA, INDEPENDIENTE DE ESCOBAR, SAN FERNANDO BLANCO, U.V.V.ADELINA"
2024.0,1ra Fase,3,NORTE,A,6,"BELLA VISTA, CAZA Y PESCA B, CLUB TRES DE FEBRERO AZUL, LAS HERAS B, SAN FERNANDO BLANCO, U.V.V.ADELINA"
2024.0,3ra Fase,3,NORTE,A,7,"ALL BOYS DE SAAVEDRA, BANADE AMARILLO, CAZA Y PESCA B, CLUB 12 DE OCTUBRE, LIBRE, NAUTICO HACOAJ AZUL, VICTORIA FLEX"
2024.0,2da Fase,3,NORTE,A-B,12,"ARQUITECTURA BLANCO, BELLA VISTA, CIRCULO URQUIZA BLANCO, CIUDAD DE BUENOS AIRES B, CLUB SOCIAL Y DEPORTIVO ARENAL, CLUB TRES DE FEBRERO AZUL, HEBRAICA, LAS HERAS B, NAUTICO BUCHARDO B, PINOCHO VERDE, PLATENSE BLANCO, U.V.V.ADELINA"
2024.0,1ra Fase,3,NORTE,B,6,"ARQUITECTURA BLANCO, CIRCULO URQUIZA BLANCO, CIUDAD DE BUENOS AIRES B, NAUTICO BUCHARDO B, PINOCHO VERDE, PLATENSE BLANCO"
2024.0,2da Fase,3,NORTE,B,6,"CAZA Y PESCA B, CLUB 12 DE OCTUBRE, COOPERATIVA TORTUGUITAS, INDEPENDIENTE DE ESCOBAR, NAUTICO HACOAJ AZUL, SAN FERNANDO BLANCO"
2024.0,3ra Fase,3,NORTE,B,7,"ALL BOYS DE SAAVEDRA, ATLETICO BOULOGNE FLEX, BANADE AMARILLO, CIRCULO URQUIZA BLANCO, CLUB 12 DE OCTUBRE, LAS HERAS B, VICTORIA FLEX"
2024.0,1ra Fase,3,NORTE,C,6,"CLUB 12 DE OCTUBRE, CLUB SOCIAL Y DEPORTIVO ARENAL, COOPERATIVA TORTUGUITAS, HEBRAICA, INDEPENDIENTE DE ESCOBAR, NAUTICO HACOAJ AZUL"
2024.0,3ra Fase,3,NORTE,UNICO,7,"ALL BOYS DE SAAVEDRA, ATLETICO BOULOGNE FLEX, CAZA Y PESCA B, CIRCULO URQUIZA BLANCO, CLUB 12 DE OCTUBRE, LAS HERAS B, NAUTICO HACOAJ AZUL"
2024.0,1ra Fase,1,OESTE,A,6,"ARGENTINO DE CASTELAR NORTE, C.A.S.A PADUA A, DEFENSORES DE HURLINGHAM VERDE, ESTUDIANTIL PORTEÑO A, LOS INDIOS DE MORENO NEGRO, UNITARIOS DE MARCOS PAZ"
2024.0,3ra Fase,1,OESTE,A,8,"A.F.A.L.P. A, C.A.S.A PADUA B, CEDEM, DEFENSORES DE SANTOS LUGARES, DEP. MORON BLANCO, MIDLAND, NOLTING, SAN MIGUEL"
2024.0,2da Fase,1,OESTE,A-B,12,"A.F.A.L.P. A, ARGENTINO DE CASTELAR NORTE, C.A.S.A PADUA A, CLARIDAD, Club GEI AZUL, DEFENSORES DE HURLINGHAM VERDE, ESTUDIANTIL PORTEÑO A, HURACAN DE SAN JUSTO ROJO, INSTITUCION SARMIENTO VERDE, LOS INDIOS DE MORENO NEGRO, MORON A, UNITARIOS DE MARCOS PAZ"
2024.0,1ra Fase,1,OESTE,B,6,"A.F.A.L.P. A, CLARIDAD, Club GEI AZUL, HURACAN DE SAN JUSTO ROJO, INSTITUCION SARMIENTO VERDE, MORON A"
2024.0,3ra Fase,1,OESTE,B,8,"ARGENTINO DE CASTELAR CENTRO, CENTRO ESPAÑOL, DEFENSORES DE HURLINGHAM VERDE, ESTUDIANTIL PORTEÑO B, HURACAN DE SAN JUSTO ROJO, LOS INDIOS DE MORENO BLANCO, PORTEÑO ATLETICO CLUB, RAMOS MEJIA LTC"
2024.0,1ra Fase,2,OESTE,A,6,"CEDEM, INSTITUCION SARMIENTO BLANCO, LEANDRO N ALEM, NOLTING, RAMOS MEJIA LTC, SAN MIGUEL"
2024.0,3ra Fase,2,OESTE,A,7,"CLUB PORTUGUES DEL GRAN BUENOS AIRES, DEP. MORON ROJO, LIBRE, MORON B, SAN MIGUEL BLANCO, UNITARIOS DE MARCOS PAZ, UNLAM A"
2024.0,2da Fase,2,OESTE,A-B,12,"ARGENTINO DE CASTELAR CENTRO, C.A.S.A PADUA B, CEDEM, DEP. MORON BLANCO, INSTITUCION SARMIENTO BLANCO, LEANDRO N ALEM, LOS INDIOS DE MORENO BLANCO, MIDLAND, NOLTING, PORTEÑO ATLETICO CLUB, RAMOS MEJIA LTC, SAN MIGUEL"
2024.0,1ra Fase,2,OESTE,B,6,"ARGENTINO DE CASTELAR CENTRO, C.A.S.A PADUA B, DEP. MORON BLANCO, LOS INDIOS DE MORENO BLANCO, MIDLAND, PORTEÑO ATLETICO CLUB"
2024.0,3ra Fase,2,OESTE,B,6,"CIUDADELA NORTE, CLUB CEPA, Club GEI BLANCO, EL PALOMAR, EL PORVENIR, SITAS"
2024.0,1ra Fase,3,OESTE,A,5,"A.F.A.L.P. B, ARGENTINO DE CASTELAR CENTRO, CLUB CEPA, CLUB PORTUGUES DEL GRAN BUENOS AIRES, DEFENSORES DE MORENO"
2024.0,3ra Fase,3,OESTE,A,8,"A.F.A.L.P. B, DEFENSORES DE HURLINGHAM  BLANCO, DEFENSORES DE MORENO, INSTITUCION SARMIENTO BLANCO, ITALIANO DE JOSE C PAZ, LEANDRO N ALEM, MUNICIPALIDAD DE HURLINGHAM, SPORTIVO HAEDO"
2024.0,2da Fase,3,OESTE,A-B,11,"A.F.A.L.P. B, ARGENTINO DE CASTELAR CENTRO, CENTRO ESPAÑOL, CIUDADELA NORTE, CLUB CEPA, CLUB PORTUGUES DEL GRAN BUENOS AIRES, DEFENSORES DE MORENO, EL PALOMAR, ESTUDIANTIL PORTEÑO B, SITAS, UNLAM A"
2024.0,1ra Fase,3,OESTE,B,6,"CENTRO ESPAÑOL, CIUDADELA NORTE, EL PALOMAR, ESTUDIANTIL PORTEÑO B, SITAS, UNLAM A"
2024.0,3ra Fase,3,OESTE,B,9,"A.F.A.L.P. B, ARGENTINO DE CASTELAR CENTRO, DEFENSORES DE MORENO, HURACAN DE SAN JUSTO BLANCO, ITALIANO DE JOSE C PAZ, LEANDRO N ALEM, MUNICIPALIDAD DE HURLINGHAM, PASO DEL REY, SOCIEDAD ATLETICA PABELLON ARGENTINO"
2024.0,1ra Fase,3,OESTE,C,5,"Club GEI BLANCO, DEFENSORES DE SANTOS LUGARES, DEP. MORON ROJO, HURACAN DE SAN JUSTO BLANCO, MORON B"
2024.0,2da Fase,3,OESTE,C-D,10,"Club GEI BLANCO, DEFENSORES DE HURLINGHAM  BLANCO, DEFENSORES DE SANTOS LUGARES, DEP. MORON ROJO, EL PORVENIR, HURACAN DE SAN JUSTO BLANCO, ITALIANO DE JOSE C PAZ, MORON B, SAN MIGUEL BLANCO, SOCIEDAD ATLETICA PABELLON ARGENTINO"
2024.0,1ra Fase,3,OESTE,D,5,"DEFENSORES DE HURLINGHAM  BLANCO, EL PORVENIR, ITALIANO DE JOSE C PAZ, SAN MIGUEL BLANCO, SOCIEDAD ATLETICA PABELLON ARGENTINO"
2024.0,1ra Fase,1,SUR,A,6,"BERAZATEGUI, LANUS A, QUILMES A.C., RACING CLUB, TEMPERLEY, WILDE SPORTING"
2024.0,3ra Fase,1,SUR,A,8,"BURZACO FC A, CLUB ATLETICO BERNAL, CLUB GIMNASIA Y ESGRIMA LA PLATA AZUL, DEFENSORES DE GLEW, LOBOS ATHLETIC CLUB, LOS ANDES, MONTE GRANDE, RACING CLUB"
2024.0,2da Fase,1,SUR,A-B,12,"BERAZATEGUI, BOCA JUNIORS AZUL, CLUB GIMNASIA Y ESGRIMA LA PLATA AZUL, G.E DE LOMAS DE ZAMORA A, INDEPENDIENTE, LANUS A, QUILMES A.C., RACING CLUB, TEMPERLEY, TRISTAN SUAREZ, VARELA JRS, WILDE SPORTING"
2024.0,1ra Fase,1,SUR,B,6,"BOCA JUNIORS AZUL, CLUB GIMNASIA Y ESGRIMA LA PLATA AZUL, G.E DE LOMAS DE ZAMORA A, INDEPENDIENTE, TRISTAN SUAREZ, VARELA JRS"
2024.0,3ra Fase,1,SUR,B,8,"CAÑUELAS FC, CLUB SOCIAL ALEJANDRO KORN, COOPERARIOS, DEFENSORES DE BANFIELD, INDEPENDIENTE, LANUS B, OLIMPO, TEMPERLEY"
2024.0,1ra Fase,2,SUR,A,6,"BURZACO FC A, CLUB ATLETICO BERNAL, CLUB SOCIAL ALEJANDRO KORN, LOS ANDES, MONTE GRANDE, OLIMPO"
2024.0,3ra Fase,2,SUR,A,8,"CLUB  ATLETICO Y PROGRESO DE BRANDSEN, CLUB ATLETICO PAMPERO, CLUB GIMNASIA Y ESGRIMA LA PLATA BLANCO, GUILLON BASQUET, JUVENTUD UNIDA, LUZ Y ARTE, MORENO DE QUILMES, VILLEGAS BASQUET"
2024.0,2da Fase,2,SUR,A-B,12,"BURZACO FC A, CAÑUELAS FC, CLUB ATLETICO BERNAL, CLUB SOCIAL ALEJANDRO KORN, COOPERARIOS, DEFENSORES DE BANFIELD, DEFENSORES DE GLEW, LANUS B, LOBOS ATHLETIC CLUB, LOS ANDES, MONTE GRANDE, OLIMPO"
2024.0,1ra Fase,2,SUR,B,6,"CAÑUELAS FC, COOPERARIOS, DEFENSORES DE BANFIELD, DEFENSORES DE GLEW, LANUS B, LOBOS ATHLETIC CLUB"
2024.0,3ra Fase,2,SUR,B,8,"CLUB EL FOGON, CLUB SOCIAL EZEIZA, COLON FC, COUNTRY BANFIELD, G.E DE LOMAS DE ZAMORA B, INDEPENDIENTE DE BURZACO, MUNICIPALIDAD DE AVELLANEDA, SPORTIVO ALSINA"
2024.0,1ra Fase,3,SUR,A,6,"BOCA JUNIORS AMARILLO, CLUB EL FOGON, G.E DE LOMAS DE ZAMORA B, LUZ Y ARTE, MUNICIPALIDAD DE AVELLANEDA, SPORTIVO ALSINA"
2024.0,3ra Fase,3,SUR,A,10,"ARGENTINO DE QUILMES, CLUB  SOCIAL Y  DEPORTIVO TAMBEROS UNIDOS, COUNTRY BANFIELD flex, LA UNION, OLIMPO Flex, OLIMPO flex, SOCIAL LANUS, TALLERES, TAPONAZO  FUTBOL CLUB, VILLA ESPAÑA"
2024.0,2da Fase,3,SUR,A-B,12,"ARGENTINO DE QUILMES, BOCA JUNIORS AMARILLO, CLUB  ATLETICO Y PROGRESO DE BRANDSEN, CLUB EL FOGON, G.E DE LOMAS DE ZAMORA B, JUVENTUD UNIDA, LA UNION, LUZ Y ARTE, MORENO DE QUILMES, MUNICIPALIDAD DE AVELLANEDA, SPORTIVO ALSINA, VILLA ESPAÑA"
2024.0,1ra Fase,3,SUR,B,6,"ARGENTINO DE QUILMES, CLUB  ATLETICO Y PROGRESO DE BRANDSEN, JUVENTUD UNIDA, LA UNION, MORENO DE QUILMES, VILLA ESPAÑA"
2024.0,3ra Fase,3,SUR,B,11,"BURZACO FC B, CLUB  JUVENTUD  UNIDA  DE LAVALLOL - FLEX, CLUB  SOCIAL Y  DEPORTIVO TAMBEROS UNIDOS, COUNTRY BANFIELD flex, LA UNION, MONTE GRANDE, MONTE GRANDE FLEX, OLIMPO, OLIMPO flex, TALLERES, TAPONAZO  FUTBOL CLUB"
2024.0,1ra Fase,3,SUR,C,6,"CLUB ATLETICO PAMPERO, COLON FC, COUNTRY BANFIELD, SOCIAL LANUS, TALLERES, VILLEGAS BASQUET"
2024.0,2da Fase,3,SUR,C-D,12,"BURZACO FC B, CLUB  SOCIAL Y  DEPORTIVO TAMBEROS UNIDOS, CLUB ATLETICO PAMPERO, CLUB SOCIAL EZEIZA, COLON FC, COUNTRY BANFIELD, GUILLON BASQUET, INDEPENDIENTE DE BURZACO, SOCIAL LANUS, TALLERES, TAPONAZO  FUTBOL CLUB, VILLEGAS BASQUET"
2024.0,1ra Fase,3,SUR,D,6,"BURZACO FC B, CLUB  SOCIAL Y  DEPORTIVO TAMBEROS UNIDOS, CLUB SOCIAL EZEIZA, GUILLON BASQUET, INDEPENDIENTE DE BURZACO, TAPONAZO  FUTBOL CLUB"
